2506,
abu,
k o m i t e e,
komitee,
sayyaf,
аббас,
абдала,
абдул-рахман,
абу нидал,
абу сай€ф,
авангард,
австровенгри,
австро-венгри,
агдж,
агджа,
азеф,
азеф,
аи€ш,
ай€ш,
ай€ш,
аксьон,
алекс бонкайо,
алекса бонкайо,
аллах,
алунни,
аль каид,
аль кайд,
аль отеиби,
аль отейби,
аль-исламий€,
аль-ислами€,
аль ислами€,
аль исламии,
алькаид,
аль-каид,
алькайд,
аль-кайд,
альотеиби,
аль-отеиби,
альотейби,
аль-отейби,
альфа 66,
альфа66,
альфа-66,
амир,
амир,
ампо,
ананда марг,
анархотеррор,
антиимпериали,
антикоммун,
антифа,
арабск,
арафат,
ариец,
арийс,
арийц,
асахар,
ассам,
ат такфир,
ат-такфир,
аттакфир,
аум синрик,
афган,
баадер,
балмашев,
бальцерани,
басаев,
баск,
бидо,
бидо,
ближн,
боато,
бонно,
брат,
братьев мусульман,
братьев-мусульман,
брать€ мусульман,
брать€-мусульман,
бригада,
брокман,
бургер,
бхиндранвал,
ва ль хиджр,
вазир,
вазир,
вай€н,
ва-ль-хиджр,
везермены,
вит коммандо,
восток,
гадар,
галлинари,
гамаа,
георгиев,
гершуни,
гольденберг,
гривас,
гриневицкий,
гусман,
дашнакцутюн,
дегаев,
деик,
дейк,
де€тел,
джамаат,
джихад,
джухаимана,
джухаймана,
диверси,
динамит,
дулебов,
жел€бов,
жуо,
жэйсмар,
жэисмар,
засулич,
захват,
зильберберг,
идоиа,
идойа,
интернационал,
ирак,
иран,
иргун цваи леуми,
иргун цвай леуми,
ислам,
кагол,
казински,
казирати,
каида,
кайда,
кал€ев,
каракозов,
карлос,
карпович,
ках,
квебек,
кеихин,
кейхин,
кето,
кЄто,
ки€м,
ковачи,
корсик,
косов,
кравчинск,
крон,
ку клукс клан,
кубарт,
куклуксклан,
ку-клукс-клан,
курд,
курчо,
кутб,
кхмер,
кэихин,
кэйхин,
кюмель,
кюмель,
ладен,
лаутаро,
лева€,
левые,
левыи,
левый,
левых,
либертад,
лизогуб,
ло€листов,
мазурин,
майнхоф,
майнхоф,
маквей,
маквеи,
малер,
мануэл,
маригелла,
мау мау,
маумау,
мау-мау,
мивцах элохим,
милици,
михайлов,
михаилов,
млада босна,
моджахедин,
молли магваирс,
молли магвайрс,
моретти,
моруччи,
муссави,
мэнсон,
менсон,
народна€ вол€,
народные силы,
народный фронт,
национал,
негри,
нелегальн,
непобедим,
нидал,
николаев,
новыи пор€док,
новый пор€док,
ньютон,
оджалан,
окамото,
о'коннел,
о коннел,
осинск,
отр€д 17,
павелич,
пакистан,
палестин,
партизан,
патриа,
пеикар,
пейкар,
печи,
покуш,
попко,
похит,
похищ,
прима линеа,
принцип,
пролетар,
пука инти,
радикал,
радуев,
рамзи ахмед юсеф,
рамиру морейра,
родригес,
руланд,
рэнго,
саваста,
савинков,
сазонов,
саик,
сайк,
салан,
салан,
санчес,
сендеро луминос,
сендик,
сигэноб,
сикх,
силы волонтеров ольстера,
сирии,
сирию,
сири€,
соколов,
сомали,
сюзин,
тамил элама,
терра льюре,
террор,
тоифел,
тойфел,
тойфель,
тупак амар,
тупак катар,
тюкак,
убив,
убиист,
убийст,
убил,
убит,
уйгур,
уигур,
ул ансар,
улансар,
ул-ансар,
улфукр,
улфкур,
ул-фукр,
урросол,
фашис,
фашиз,
феда€н,
фельтринел,
франческин,
хабаш,
хавари,
хадзам,
хаиджекинг,
хайджекинг,
хаислер,
хайслер,
халед,
халтурин,
хамас,
харакат,
хезбол,
хезбал,
хизбол,
хизбал,
херст,
хунта,
чечен,
чечн,
шакак,
швейцер,
штерн,
экстрадитаблес,
энслин,
эускади та аскатасуна,
€син,
афа,
бон,
гринд,
гук,
карлан,
киты,
кита,
саппорт,
серпонос,
трад,
шавка,
1488,
14/88,
14 слов,
акаб,
acab,
a c a b,
банд,
бригад,
скин,
skinhead,
бриты,
вписк,
19 апрел€,
2 июн€,
1 окт€бр€,
22 окт€бр€,
